<?xml version="1.0" encoding="UTF-8"?>
<CustomField xmlns="http://soap.sforce.com/2006/04/metadata">
    <fullName>Customer__c</fullName>
    <externalId>false</externalId>
    <label>Customer</label>
    <referenceTo>Contact</referenceTo>
    <relationshipLabel>Inspections</relationshipLabel>
    <relationshipName>Inspections</relationshipName>
    <relationshipOrder>0</relationshipOrder>
    <reparentableMasterDetail>false</reparentableMasterDetail>
    <trackTrending>false</trackTrending>
    <type>MasterDetail</type>
    <writeRequiresMasterRead>false</writeRequiresMasterRead>
</CustomField>
