{
    "version": "4",
    "package_name": "dreamhouse-data-model",
    "apiVersion": "52.0",
    "packageDirectory": "dreamhouse-data-model",
    "sourceVersion": "f15897f882d6e0002728fcdedbbcef872dc42135",
    "branch": null,
    "repository_url": "https://github.com/cherieShe/dxatscale101.git",
    "package_version_number": "0.1.0.NEXT",
    "configFilePath": "config/project-scratch-def.json",
    "package_type": "unlocked",
    "payload": {
        "Package": {
            "$": {
                "xmlns": "http://soap.sforce.com/2006/04/metadata"
            },
            "types": [
                {
                    "members": [
                        "Broker__c.Broker_Compact",
                        "Property__c.Property_Compact_Layout"
                    ],
                    "name": "CompactLayout"
                },
                {
                    "members": [
                        "Broker__c.Broker_Id__c",
                        "Broker__c.Email__c",
                        "Broker__c.Mobile_Phone__c",
                        "Broker__c.Phone__c",
                        "Broker__c.Picture_IMG__c",
                        "Broker__c.Picture__c",
                        "Broker__c.Title__c",
                        "Property__c.Address__c",
                        "Property__c.Assessed_Value__c",
                        "Property__c.Baths__c",
                        "Property__c.Beds__c",
                        "Property__c.Broker__c",
                        "Property__c.City__c",
                        "Property__c.Date_Agreement__c",
                        "Property__c.Date_Closed__c",
                        "Property__c.Date_Contracted__c",
                        "Property__c.Date_Listed__c",
                        "Property__c.Date_Pre_Market__c",
                        "Property__c.Days_On_Market__c",
                        "Property__c.Description__c",
                        "Property__c.Features__c",
                        "Property__c.Location__c",
                        "Property__c.Picture_IMG__c",
                        "Property__c.Picture__c",
                        "Property__c.Price_Sold__c",
                        "Property__c.Price__c",
                        "Property__c.Rating__c",
                        "Property__c.Record_Link__c",
                        "Property__c.State__c",
                        "Property__c.Status__c",
                        "Property__c.Tags__c",
                        "Property__c.Thumbnail_IMG__c",
                        "Property__c.Thumbnail__c",
                        "Property__c.Zip__c"
                    ],
                    "name": "CustomField"
                },
                {
                    "members": [
                        "Broker__c",
                        "Property__c"
                    ],
                    "name": "CustomObject"
                },
                {
                    "members": [
                        "Broker__c.All",
                        "Property__c.All"
                    ],
                    "name": "ListView"
                }
            ],
            "version": "52.0"
        }
    },
    "isApexFound": false,
    "isProfilesFound": false,
    "isPermissionSetGroupFound": false,
    "isPayLoadContainTypesSupportedByProfiles": true,
    "apexClassesSortedByTypes": {
        "class": [],
        "testClass": [],
        "interface": [],
        "parseError": []
    },
    "apexTestClassses": [],
    "metadataCount": 40,
    "apexClassWithOutTestClasses": [],
    "creation_details": {
        "creation_time": 27,
        "timestamp": 1657237536565
    },
    "sourceDir": "source"
}