[
    {
        "FirstName": "Brad",
        "LastName": "Holmes",
        "Phone": "617-555-0143",
        "Email": "bholmes@goodmail.com"
    },
    {
        "FirstName": "Leslie",
        "LastName": "Martin",
        "Phone": "617-555-0112",
        "Email": "leslie@pentagon.com"
    },
    {
        "FirstName": "July",
        "LastName": "Walker",
        "Phone": "617-555-0170",
        "Email": "julywalker@brain.com"
    },
    {
        "FirstName": "Anna",
        "LastName": "Jones",
        "Phone": "617-555-0181",
        "Email": "annaj@mymail.com"
    },
    {
        "FirstName": "John",
        "LastName": "Connor",
        "Phone": "617-555-0133",
        "Email": "jconnor@goodmail.com"
    }
]