{
    "packageDirectories": [
        {
            "path": "dreamhouse-data-model",
            "package": "dreamhouse-data-model",
            "versionName": "ver 0.1",
            "versionNumber": "0.1.0.NEXT",
            "default": true
        }
    ],
    "namespace": "",
    "sourceApiVersion": "52.0",
    "packageAliases": {
        "dxatscale-base": "04t6F000001ZL7yQAG",
        "LWCC": "04t5I000001ecttQAA",
        "flowmagic": "04t6F000001D6LOQA0",
        "dreamhouse-app": "0Ho5i000000003eCAA",
        "dreamhouse-app@0.1.0-1": "04t5i000000HrTAAA0",
        "dreamhouse-data-model": "0Ho5i000000003oCAA",
        "dreamhouse-data-model@0.1.0-1": "04t5i000000HrTZAA0",
        "dreamhouse-data-model@0.1.0-3": "04t5i000000Hs7JAAS"
    }
}