{
    "version": "4",
    "package_name": "dreamhouse-app",
    "apiVersion": "52.0",
    "packageDirectory": "dreamhouse-app",
    "sourceVersion": "e389137c8aeb3cbc06859a1ac1503b872a7a8cba",
    "branch": "master",
    "repository_url": "https://github.com/cherieShe/dxatscale101-source.git",
    "package_version_number": "0.1.0.3",
    "configFilePath": "config/project-scratch-def.json",
    "package_type": "unlocked",
    "payload": {
        "Package": {
            "$": {
                "xmlns": "http://soap.sforce.com/2006/04/metadata"
            },
            "types": [
                {
                    "members": [
                        "GeocodingService",
                        "GeocodingServiceTest",
                        "PagedResult",
                        "PropertyController",
                        "SampleDataController",
                        "TestPropertyController",
                        "TestSampleDataController"
                    ],
                    "name": "ApexClass"
                },
                {
                    "members": [
                        "auraPropertyListMap",
                        "pageTemplate_2_7_3"
                    ],
                    "name": "AuraDefinitionBundle"
                },
                {
                    "members": "dreamhouselogosquare",
                    "name": "ContentAsset"
                },
                {
                    "members": "Dreamhouse",
                    "name": "CustomApplication"
                },
                {
                    "members": [
                        "Inspection__c.Customer__c",
                        "Inspection__c.Inspection_Date__c",
                        "Inspection__c.Property__c",
                        "Inspection__c.Time_Slot__c"
                    ],
                    "name": "CustomField"
                },
                {
                    "members": "Inspection__c",
                    "name": "CustomObject"
                },
                {
                    "members": [
                        "Broker__c",
                        "Property_Explorer",
                        "Property_Finder",
                        "Property__c",
                        "Settings"
                    ],
                    "name": "CustomTab"
                },
                {
                    "members": [
                        "Broker_Record_Page",
                        "Property_Explorer",
                        "Property_Finder",
                        "Property_Record_Page",
                        "Settings"
                    ],
                    "name": "FlexiPage"
                },
                {
                    "members": "Create_property",
                    "name": "Flow"
                },
                {
                    "members": [
                        "Broker__c-Broker Layout",
                        "Inspection__c-Inspection Layout",
                        "Property__c-Property Layout"
                    ],
                    "name": "Layout"
                },
                {
                    "members": [
                        "brokerCard",
                        "daysOnMarket",
                        "errorPanel",
                        "ldsUtils",
                        "navigateToRecord",
                        "paginator",
                        "propertyCarousel",
                        "propertyFilter",
                        "propertyMap",
                        "propertySummary",
                        "propertyTile",
                        "propertyTileList",
                        "sampleDataImporter"
                    ],
                    "name": "LightningComponentBundle"
                },
                {
                    "members": [
                        "FiltersChange",
                        "PropertySelected"
                    ],
                    "name": "LightningMessageChannel"
                },
                {
                    "members": "dreamhouse",
                    "name": "PermissionSet"
                },
                {
                    "members": "Admin",
                    "name": "Profile"
                },
                {
                    "members": [
                        "Property",
                        "PropertyExplorer",
                        "PropertyFinder"
                    ],
                    "name": "Prompt"
                },
                {
                    "members": "nominatim_openstreetmap",
                    "name": "RemoteSiteSetting"
                },
                {
                    "members": [
                        "leaflet",
                        "sample_data_brokers",
                        "sample_data_contacts",
                        "sample_data_properties"
                    ],
                    "name": "StaticResource"
                }
            ],
            "version": "52.0"
        }
    },
    "isApexFound": true,
    "isProfilesFound": true,
    "isPermissionSetGroupFound": false,
    "isPayLoadContainTypesSupportedByProfiles": true,
    "apexClassesSortedByTypes": {
        "class": [
            {
                "name": "GeocodingService",
                "filepath": "C:/Users/cherie.she/OneDrive - Accenture/Desktop/Github/dxatscale101-source/.sfpowerscripts/YvHh7_source/.sfpowerscripts/87EYh_mdapi/metadataPackage_1657428385689/classes/GeocodingService.cls"
            },
            {
                "name": "GeocodingServiceTest",
                "filepath": "C:/Users/cherie.she/OneDrive - Accenture/Desktop/Github/dxatscale101-source/.sfpowerscripts/YvHh7_source/.sfpowerscripts/87EYh_mdapi/metadataPackage_1657428385689/classes/GeocodingServiceTest.cls"
            },
            {
                "name": "PagedResult",
                "filepath": "C:/Users/cherie.she/OneDrive - Accenture/Desktop/Github/dxatscale101-source/.sfpowerscripts/YvHh7_source/.sfpowerscripts/87EYh_mdapi/metadataPackage_1657428385689/classes/PagedResult.cls"
            },
            {
                "name": "PropertyController",
                "filepath": "C:/Users/cherie.she/OneDrive - Accenture/Desktop/Github/dxatscale101-source/.sfpowerscripts/YvHh7_source/.sfpowerscripts/87EYh_mdapi/metadataPackage_1657428385689/classes/PropertyController.cls"
            },
            {
                "name": "SampleDataController",
                "filepath": "C:/Users/cherie.she/OneDrive - Accenture/Desktop/Github/dxatscale101-source/.sfpowerscripts/YvHh7_source/.sfpowerscripts/87EYh_mdapi/metadataPackage_1657428385689/classes/SampleDataController.cls"
            },
            {
                "name": "TestPropertyController",
                "filepath": "C:/Users/cherie.she/OneDrive - Accenture/Desktop/Github/dxatscale101-source/.sfpowerscripts/YvHh7_source/.sfpowerscripts/87EYh_mdapi/metadataPackage_1657428385689/classes/TestPropertyController.cls"
            },
            {
                "name": "TestSampleDataController",
                "filepath": "C:/Users/cherie.she/OneDrive - Accenture/Desktop/Github/dxatscale101-source/.sfpowerscripts/YvHh7_source/.sfpowerscripts/87EYh_mdapi/metadataPackage_1657428385689/classes/TestSampleDataController.cls"
            }
        ],
        "testClass": [
            {
                "name": "GeocodingServiceTest",
                "filepath": "C:/Users/cherie.she/OneDrive - Accenture/Desktop/Github/dxatscale101-source/.sfpowerscripts/YvHh7_source/.sfpowerscripts/87EYh_mdapi/metadataPackage_1657428385689/classes/GeocodingServiceTest.cls"
            },
            {
                "name": "TestPropertyController",
                "filepath": "C:/Users/cherie.she/OneDrive - Accenture/Desktop/Github/dxatscale101-source/.sfpowerscripts/YvHh7_source/.sfpowerscripts/87EYh_mdapi/metadataPackage_1657428385689/classes/TestPropertyController.cls"
            },
            {
                "name": "TestSampleDataController",
                "filepath": "C:/Users/cherie.she/OneDrive - Accenture/Desktop/Github/dxatscale101-source/.sfpowerscripts/YvHh7_source/.sfpowerscripts/87EYh_mdapi/metadataPackage_1657428385689/classes/TestSampleDataController.cls"
            }
        ],
        "interface": [],
        "parseError": []
    },
    "apexTestClassses": [
        "GeocodingServiceTest",
        "TestPropertyController",
        "TestSampleDataController"
    ],
    "metadataCount": 55,
    "apexClassWithOutTestClasses": [
        "GeocodingService",
        "PagedResult",
        "PropertyController",
        "SampleDataController"
    ],
    "dependencies": [
        {
            "package": "dxatscale-base"
        },
        {
            "package": "LWCC"
        },
        {
            "package": "flowmagic"
        },
        {
            "package": "dreamhouse-data-model",
            "versionNumber": "0.1.0.3"
        }
    ],
    "package_version_id": "04t5i000000Hs7OAAS",
    "isDependencyValidated": true,
    "test_coverage": 96,
    "has_passed_coverage_check": true,
    "creation_details": {
        "creation_time": 385627,
        "timestamp": 1657428773253
    },
    "sourceDir": "source"
}