<?xml version="1.0" encoding="UTF-8"?>
<CustomField xmlns="http://soap.sforce.com/2006/04/metadata">
    <fullName>Rating__c</fullName>
    <defaultValue>0</defaultValue>
    <externalId>false</externalId>
    <label>Rating</label>
    <precision>2</precision>
    <required>false</required>
    <scale>1</scale>
    <trackFeedHistory>false</trackFeedHistory>
    <trackHistory>false</trackHistory>
    <trackTrending>false</trackTrending>
    <type>Number</type>
    <unique>false</unique>
</CustomField>
