{
    "version": "4",
    "package_name": "env-specific",
    "apiVersion": "52.0",
    "packageDirectory": "src-env-specific",
    "sourceVersion": "e389137c8aeb3cbc06859a1ac1503b872a7a8cba",
    "branch": "master",
    "repository_url": "https://github.com/cherieShe/dxatscale101-source.git",
    "package_version_number": "0.1.0.1",
    "configFilePath": "config/project-scratch-def.json",
    "package_type": "source",
    "payload": {
        "Package": {
            "$": {
                "xmlns": "http://soap.sforce.com/2006/04/metadata"
            },
            "types": [
                {
                    "members": "Account.Internal_Account_Share",
                    "name": "SharingCriteriaRule"
                },
                {
                    "members": "Account",
                    "name": "SharingRules"
                }
            ],
            "version": "52.0"
        }
    },
    "isApexFound": false,
    "isProfilesFound": false,
    "isPermissionSetGroupFound": false,
    "isPayLoadContainTypesSupportedByProfiles": false,
    "apexClassesSortedByTypes": {
        "class": [],
        "testClass": [],
        "interface": [],
        "parseError": []
    },
    "apexTestClassses": [],
    "metadataCount": 1,
    "apexClassWithOutTestClasses": [],
    "creation_details": {
        "creation_time": 9,
        "timestamp": 1657428267681
    },
    "sourceDir": "source"
}