<?xml version="1.0" encoding="UTF-8"?>
<SharingRules xmlns="http://soap.sforce.com/2006/04/metadata">
    <sharingCriteriaRules>
        <fullName>Internal_Account_Share</fullName>
        <accessLevel>Edit</accessLevel>
        <accountSettings>
            <caseAccessLevel>None</caseAccessLevel>
            <contactAccessLevel>Edit</contactAccessLevel>
            <opportunityAccessLevel>Edit</opportunityAccessLevel>
        </accountSettings>
        <label>Internal Account Share</label>
        <sharedTo>
            <allInternalUsers></allInternalUsers>
        </sharedTo>
        <criteriaItems>
            <field>AccountNumber</field>
            <operation>notEqual</operation>
            <value>null</value>
        </criteriaItems>
        <includeRecordsOwnedByAll>true</includeRecordsOwnedByAll>
    </sharingCriteriaRules>
</SharingRules>
